ClinVar_ID,HGVS,From_AA,Position,To_AA,Clinical_Significance
3843855,NM_005228.5(EGFR):c.2643G>T (p.Met881Ile),Met,881,Ile,
3843840,NM_005228.5(EGFR):c.2440C>G (p.Leu814Val),Leu,814,Val,
3843836,NM_005228.5(EGFR):c.2204G>A (p.Gly735Asp),Gly,735,Asp,
3843824,NM_005228.5(EGFR):c.2341T>A (p.Cys781Ser),Cys,781,Ser,
3843819,NM_005228.5(EGFR):c.2801C>A (p.Pro934His),Pro,934,His,
3843807,NM_005228.5(EGFR):c.2710G>C (p.Val904Leu),Val,904,Leu,
3843792,NM_005228.5(EGFR):c.2810C>T (p.Pro937Leu),Pro,937,Leu,
3843789,NM_005228.5(EGFR):c.2912T>C (p.Met971Thr),Met,971,Thr,
3843786,NM_005228.5(EGFR):c.2195T>A (p.Ile732Asn),Ile,732,Asn,
3843763,NM_005228.5(EGFR):c.2766G>T (p.Glu922Asp),Glu,922,Asp,
3843760,NM_005228.5(EGFR):c.2491C>G (p.Arg831Gly),Arg,831,Gly,
3843753,NM_005228.5(EGFR):c.2759C>T (p.Ala920Val),Ala,920,Val,
3730625,NM_005228.5(EGFR):c.2338A>C (p.Ile780Leu),Ile,780,Leu,
3719308,NM_005228.5(EGFR):c.2489A>G (p.Asp830Gly),Asp,830,Gly,
3717284,NM_005228.5(EGFR):c.2656A>G (p.Ile886Val),Ile,886,Val,
3715194,NM_005228.5(EGFR):c.2699A>T (p.Tyr900Phe),Tyr,900,Phe,
3714837,NM_005228.5(EGFR):c.2356G>T (p.Val786Leu),Val,786,Leu,
3714589,NM_005228.5(EGFR):c.2257C>T (p.Pro753Ser),Pro,753,Ser,
3712786,NM_005228.5(EGFR):c.2924C>T (p.Pro975Leu),Pro,975,Leu,
3711137,NM_005228.5(EGFR):c.2782G>C (p.Glu928Gln),Glu,928,Gln,
3692898,NM_005228.5(EGFR):c.2473A>G (p.Met825Val),Met,825,Val,
3690071,NM_005228.5(EGFR):c.2872C>T (p.Arg958Cys),Arg,958,Cys,
3683696,NM_005228.5(EGFR):c.2708_2709delinsTC (p.Thr903Ile),Thr,903,Ile,
3682698,NM_005228.5(EGFR):c.2186G>T (p.Gly729Val),Gly,729,Val,
3675629,NM_005228.5(EGFR):c.2689G>A (p.Val897Ile),Val,897,Ile,
3673441,NM_005228.5(EGFR):c.2228C>T (p.Ala743Val),Ala,743,Val,
3671319,NM_005228.5(EGFR):c.2515G>A (p.Ala839Thr),Ala,839,Thr,
3668028,NM_005228.5(EGFR):c.2810C>G (p.Pro937Arg),Pro,937,Arg,
3662987,NM_005228.5(EGFR):c.2675C>G (p.Thr892Ser),Thr,892,Ser,
3657962,NM_005228.5(EGFR):c.2754C>G (p.Ile918Met),Ile,918,Met,
3655756,NM_005228.5(EGFR):c.2662C>A (p.His888Asn),His,888,Asn,
3651739,NM_005228.5(EGFR):c.2247A>C (p.Glu749Asp),Glu,749,Asp,
3647986,NM_005228.5(EGFR):c.2653T>A (p.Ser885Thr),Ser,885,Thr,
3638046,NM_005228.5(EGFR):c.2188C>A (p.Leu730Ile),Leu,730,Ile,
3631198,NM_005228.5(EGFR):c.2251A>G (p.Thr751Ala),Thr,751,Ala,
3628319,NM_005228.5(EGFR):c.2701G>A (p.Gly901Arg),Gly,901,Arg,
3622699,NM_005228.5(EGFR):c.2735C>A (p.Ser912Tyr),Ser,912,Tyr,
3572245,NM_005228.5(EGFR):c.2372A>G (p.Gln791Arg),Gln,791,Arg,
3572244,NM_005228.5(EGFR):c.2314C>G (p.Pro772Ala),Pro,772,Ala,
3572243,NM_005228.5(EGFR):c.2192G>T (p.Trp731Leu),Trp,731,Leu,
3257908,NM_005228.5(EGFR):c.2390G>C (p.Cys797Ser),Cys,797,Ser,
3235697,NM_005228.5(EGFR):c.2612C>A (p.Ala871Glu),Ala,871,Glu,
3224656,NM_005228.5(EGFR):c.2365A>G (p.Ile789Val),Ile,789,Val,
3068197,NM_005228.5(EGFR):c.2639G>C (p.Trp880Ser),Trp,880,Ser,
3023650,NM_005228.5(EGFR):c.2821A>G (p.Ile941Val),Ile,941,Val,
2999534,NM_005228.5(EGFR):c.2413C>T (p.His805Tyr),His,805,Tyr,
2984279,NM_005228.5(EGFR):c.2818A>G (p.Thr940Ala),Thr,940,Ala,
2973266,NM_005228.5(EGFR):c.2556G>C (p.Lys852Asn),Lys,852,Asn,
2907177,NM_005228.5(EGFR):c.2669T>C (p.Ile890Thr),Ile,890,Thr,
2906832,NM_005228.5(EGFR):c.2368A>T (p.Thr790Ser),Thr,790,Ser,
2884939,NM_005228.5(EGFR):c.2749G>C (p.Gly917Arg),Gly,917,Arg,
2857138,NM_005228.5(EGFR):c.2704G>T (p.Val902Leu),Val,902,Leu,
2832383,NM_005228.5(EGFR):c.2249C>T (p.Ala750Val),Ala,750,Val,
2829761,NM_005228.5(EGFR):c.2824G>T (p.Asp942Tyr),Asp,942,Tyr,
2820356,NM_005228.5(EGFR):c.2464G>C (p.Ala822Pro),Ala,822,Pro,
2814430,NM_005228.5(EGFR):c.2884C>A (p.Arg962Ser),Arg,962,Ser,
2812499,NM_005228.5(EGFR):c.2894T>C (p.Ile965Thr),Ile,965,Thr,
2810677,NM_005228.5(EGFR):c.2878A>C (p.Lys960Gln),Lys,960,Gln,
2808616,NM_005228.5(EGFR):c.2614G>C (p.Glu872Gln),Glu,872,Gln,
2802797,NM_005228.5(EGFR):c.2159C>T (p.Ser720Phe),Ser,720,Phe,
2800686,NM_005228.5(EGFR):c.2230A>C (p.Ile744Leu),Ile,744,Leu,
2799850,NM_005228.5(EGFR):c.2306T>C (p.Val769Ala),Val,769,Ala,
2797169,NM_005228.5(EGFR):c.2867A>T (p.Asp956Val),Asp,956,Val,
2796736,NM_005228.5(EGFR):c.2756C>T (p.Pro919Leu),Pro,919,Leu,
2780200,NM_005228.5(EGFR):c.2869A>G (p.Ser957Gly),Ser,957,Gly,
2773058,NM_005228.5(EGFR):c.2695A>G (p.Ser899Gly),Ser,899,Gly,
2771877,NM_005228.5(EGFR):c.2164G>T (p.Ala722Ser),Ala,722,Ser,
2768180,NM_005228.5(EGFR):c.2144T>A (p.Ile715Asn),Ile,715,Asn,
2766773,NM_005228.5(EGFR):c.2876C>T (p.Pro959Leu),Pro,959,Leu,
2765074,NM_005228.5(EGFR):c.2431T>G (p.Ser811Ala),Ser,811,Ala,
2761670,NM_005228.5(EGFR):c.2447A>G (p.Asn816Ser),Asn,816,Ser,
2755029,NM_005228.5(EGFR):c.2313C>A (p.Asn771Lys),Asn,771,Lys,
2750604,NM_005228.5(EGFR):c.2709_2710delinsCC (p.Val904Leu),Val,904,Leu,
2748938,NM_005228.5(EGFR):c.2144T>G (p.Ile715Ser),Ile,715,Ser,
2736092,NM_005228.5(EGFR):c.2182A>G (p.Lys728Glu),Lys,728,Glu,
2731659,NM_005228.5(EGFR):c.2479T>C (p.Tyr827His),Tyr,827,His,
2731648,NM_005228.5(EGFR):c.2414A>T (p.His805Leu),His,805,Leu,
2720219,NM_005228.5(EGFR):c.2533G>A (p.Val845Met),Val,845,Met,
2719629,NM_005228.5(EGFR):c.2726C>A (p.Thr909Asn),Thr,909,Asn,
2709543,NM_005228.5(EGFR):c.2208G>C (p.Glu736Asp),Glu,736,Asp,
2701410,NM_005228.5(EGFR):c.2686G>A (p.Asp896Asn),Asp,896,Asn,
2699384,NM_005228.5(EGFR):c.2852G>C (p.Trp951Ser),Trp,951,Ser,
2699142,NM_005228.5(EGFR):c.2890T>G (p.Leu964Val),Leu,964,Val,
2681885,NM_005228.5(EGFR):c.2453G>A (p.Cys818Tyr),Cys,818,Tyr,
2681884,NM_005228.5(EGFR):c.2146A>G (p.Lys716Glu),Lys,716,Glu,
2583130,NM_005228.5(EGFR):c.2555A>C (p.Lys852Thr),Lys,852,Thr,
2583129,NM_005228.5(EGFR):c.2499G>T (p.Leu833Phe),Leu,833,Phe,
2582281,NM_005228.5(EGFR):c.2287G>A (p.Ala763Thr),Ala,763,Thr,
2582258,NM_005228.5(EGFR):c.2561C>T (p.Thr854Ile),Thr,854,Ile,
2420439,NM_005228.5(EGFR):c.2246A>G (p.Glu749Gly),Glu,749,Gly,
2418796,NM_005228.5(EGFR):c.2435A>G (p.Gln812Arg),Gln,812,Arg,
2415179,NM_005228.5(EGFR):c.2824G>C (p.Asp942His),Asp,942,His,
2191529,NM_005228.5(EGFR):c.2308G>A (p.Asp770Asn),Asp,770,Asn,
2136540,NM_005228.5(EGFR):c.2929C>T (p.Arg977Cys),Arg,977,Cys,
2133820,NM_005228.5(EGFR):c.2401T>C (p.Tyr801His),Tyr,801,His,
2121007,NM_005228.5(EGFR):c.2605T>C (p.Tyr869His),Tyr,869,His,
2095529,NM_005228.5(EGFR):c.2809C>G (p.Pro937Ala),Pro,937,Ala,
2085061,NM_005228.5(EGFR):c.2550T>G (p.His850Gln),His,850,Gln,
2083449,NM_005228.5(EGFR):c.2805G>T (p.Gln935His),Gln,935,His,
2076157,NM_005228.5(EGFR):c.2758G>T (p.Ala920Ser),Ala,920,Ser,
2033085,NM_005228.5(EGFR):c.2284G>A (p.Glu762Lys),Glu,762,Lys,
2009335,NM_005228.5(EGFR):c.2688T>A (p.Asp896Glu),Asp,896,Glu,
1999622,NM_005228.5(EGFR):c.2629C>A (p.Pro877Thr),Pro,877,Thr,
1997603,NM_005228.5(EGFR):c.2335G>A (p.Gly779Ser),Gly,779,Ser,
1987003,NM_005228.5(EGFR):c.2575G>T (p.Ala859Ser),Ala,859,Ser,
1985690,NM_005228.5(EGFR):c.2549A>G (p.His850Arg),His,850,Arg,
1982421,NM_005228.5(EGFR):c.2826T>A (p.Asp942Glu),Asp,942,Glu,
1978211,NM_005228.5(EGFR):c.2274A>T (p.Glu758Asp),Glu,758,Asp,
1977075,NM_005228.5(EGFR):c.2927A>T (p.Gln976Leu),Gln,976,Leu,
1968557,NM_005228.5(EGFR):c.2317C>G (p.His773Asp),His,773,Asp,
1960002,NM_005228.5(EGFR):c.2719T>G (p.Leu907Val),Leu,907,Val,
1949613,NM_005228.5(EGFR):c.2320G>C (p.Val774Leu),Val,774,Leu,
1947975,NM_005228.5(EGFR):c.2464G>T (p.Ala822Ser),Ala,822,Ser,
1929646,NM_005228.5(EGFR):c.2806C>T (p.Pro936Ser),Pro,936,Ser,
1923090,NM_005228.5(EGFR):c.2618G>A (p.Gly873Glu),Gly,873,Glu,
1908907,NM_005228.5(EGFR):c.2138A>G (p.Lys713Arg),Lys,713,Arg,
1903556,NM_005228.5(EGFR):c.2165C>T (p.Ala722Val),Ala,722,Val,
1896958,NM_005228.5(EGFR):c.2304C>A (p.Ser768Arg),Ser,768,Arg,
1895718,NM_005228.5(EGFR):c.2920G>A (p.Asp974Asn),Asp,974,Asn,
1721000,NM_005228.5(EGFR):c.2147A>C (p.Lys716Thr),Lys,716,Thr,
1718814,NM_005228.5(EGFR):c.2398G>A (p.Asp800Asn),Asp,800,Asn,
1716472,NM_005228.5(EGFR):c.2841G>A (p.Met947Ile),Met,947,Ile,
1715385,NM_005228.5(EGFR):c.2195T>C (p.Ile732Thr),Ile,732,Thr,
1692871,NM_005228.5(EGFR):c.2632A>G (p.Ile878Val),Ile,878,Val,
1525802,NM_005228.5(EGFR):c.2773T>A (p.Ser925Thr),Ser,925,Thr,
1523057,NM_005228.5(EGFR):c.2326C>T (p.Arg776Cys),Arg,776,Cys,
1520747,NM_005228.5(EGFR):c.2719T>A (p.Leu907Met),Leu,907,Met,
1519960,NM_005228.5(EGFR):c.2184G>C (p.Lys728Asn),Lys,728,Asn,
1519666,NM_005228.5(EGFR):c.2410G>C (p.Glu804Gln),Glu,804,Gln,
1518337,NM_005228.5(EGFR):c.2447A>C (p.Asn816Thr),Asn,816,Thr,
1517031,NM_005228.5(EGFR):c.2194A>G (p.Ile732Val),Ile,732,Val,
1512313,NM_005228.5(EGFR):c.2524A>G (p.Asn842Asp),Asn,842,Asp,
1512166,NM_005228.5(EGFR):c.2873G>A (p.Arg958His),Arg,958,His,
1510771,NM_005228.5(EGFR):c.2420A>G (p.Asp807Gly),Asp,807,Gly,
1510109,NM_005228.5(EGFR):c.2774C>T (p.Ser925Phe),Ser,925,Phe,
1507038,NM_005228.5(EGFR):c.2930G>T (p.Arg977Leu),Arg,977,Leu,
1506320,NM_005228.5(EGFR):c.2361G>T (p.Gln787His),Gln,787,His,
1505947,NM_005228.5(EGFR):c.2853G>T (p.Trp951Cys),Trp,951,Cys,
1502154,NM_005228.5(EGFR):c.2387G>A (p.Gly796Asp),Gly,796,Asp,
1497132,NM_005228.5(EGFR):c.2702G>C (p.Gly901Ala),Gly,901,Ala,
1494816,NM_005228.5(EGFR):c.2404G>A (p.Val802Ile),Val,802,Ile,
1493928,NM_005228.5(EGFR):c.2254T>A (p.Ser752Thr),Ser,752,Thr,
1480096,NM_005228.5(EGFR):c.2159C>G (p.Ser720Cys),Ser,720,Cys,
1479650,NM_005228.5(EGFR):c.2310C>A (p.Asp770Glu),Asp,770,Glu,
1473616,NM_005228.5(EGFR):c.2324G>A (p.Cys775Tyr),Cys,775,Tyr,
1465823,NM_005228.5(EGFR):c.2419G>A (p.Asp807Asn),Asp,807,Asn,
1464964,NM_005228.5(EGFR):c.2930G>C (p.Arg977Pro),Arg,977,Pro,
1461127,NM_005228.5(EGFR):c.2776A>C (p.Ile926Leu),Ile,926,Leu,
1449787,NM_005228.5(EGFR):c.2410G>A (p.Glu804Lys),Glu,804,Lys,
1448800,NM_005228.5(EGFR):c.2380C>T (p.Pro794Ser),Pro,794,Ser,
1446347,NM_005228.5(EGFR):c.2473A>C (p.Met825Leu),Met,825,Leu,
1444992,NM_005228.5(EGFR):c.2189T>C (p.Leu730Pro),Leu,730,Pro,
1443656,NM_005228.5(EGFR):c.2794C>T (p.Arg932Cys),Arg,932,Cys,
1442427,NM_005228.5(EGFR):c.2143A>T (p.Ile715Phe),Ile,715,Phe,
1440478,NM_005228.5(EGFR):c.2361_2362delinsAA (p.Leu788Ile),Leu,788,Ile,
1435585,NM_005228.5(EGFR):c.2839A>G (p.Met947Val),Met,947,Val,
1434678,NM_005228.5(EGFR):c.2475G>T (p.Met825Ile),Met,825,Ile,
1432503,NM_005228.5(EGFR):c.2455G>A (p.Val819Met),Val,819,Met,
1431290,NM_005228.5(EGFR):c.2764G>C (p.Glu922Gln),Glu,922,Gln,
1427876,NM_005228.5(EGFR):c.2587G>T (p.Gly863Cys),Gly,863,Cys,
1426844,NM_005228.5(EGFR):c.2591C>T (p.Ala864Val),Ala,864,Val,
1426722,NM_005228.5(EGFR):c.2593G>A (p.Glu865Lys),Glu,865,Lys,
1422579,NM_005228.5(EGFR):c.2497_2498delinsCC (p.Leu833Pro),Leu,833,Pro,
1421319,NM_005228.5(EGFR):c.2704G>C (p.Val902Leu),Val,902,Leu,
1419971,NM_005228.5(EGFR):c.2890T>A (p.Leu964Met),Leu,964,Met,
1416238,NM_005228.5(EGFR):c.2899G>A (p.Glu967Lys),Glu,967,Lys,
1404199,NM_005228.5(EGFR):c.2374C>T (p.Leu792Phe),Leu,792,Phe,
1404070,NM_005228.5(EGFR):c.2587G>A (p.Gly863Ser),Gly,863,Ser,
1396969,NM_005228.5(EGFR):c.2288C>T (p.Ala763Val),Ala,763,Val,
1394709,NM_005228.5(EGFR):c.2560A>G (p.Thr854Ala),Thr,854,Ala,
1394227,NM_005228.5(EGFR):c.2741C>A (p.Pro914Gln),Pro,914,Gln,
1392237,NM_005228.5(EGFR):c.2380C>A (p.Pro794Thr),Pro,794,Thr,
1390619,NM_005228.5(EGFR):c.2672A>G (p.Tyr891Cys),Tyr,891,Cys,
1386901,NM_005228.5(EGFR):c.2932T>C (p.Tyr978His),Tyr,978,His,
1380650,NM_005228.5(EGFR):c.2365A>C (p.Ile789Leu),Ile,789,Leu,
1379449,NM_005228.5(EGFR):c.2277C>G (p.Ile759Met),Ile,759,Met,
1378361,NM_005228.5(EGFR):c.2785A>G (p.Lys929Glu),Lys,929,Glu,
1371744,NM_005228.5(EGFR):c.2683A>T (p.Ser895Cys),Ser,895,Cys,
1367757,NM_005228.5(EGFR):c.2857A>C (p.Ile953Leu),Ile,953,Leu,
1367512,NM_005228.5(EGFR):c.2863G>C (p.Ala955Pro),Ala,955,Pro,
1367404,NM_005228.5(EGFR):c.2183A>G (p.Lys728Arg),Lys,728,Arg,
1364569,NM_005228.5(EGFR):c.2855T>C (p.Met952Thr),Met,952,Thr,
1361667,NM_005228.5(EGFR):c.2222C>T (p.Pro741Leu),Pro,741,Leu,
1358272,NM_005228.5(EGFR):c.2302A>G (p.Ser768Gly),Ser,768,Gly,
1352520,NM_005228.5(EGFR):c.2888A>G (p.Glu963Gly),Glu,963,Gly,
1349155,NM_005228.5(EGFR):c.2547G>C (p.Gln849His),Gln,849,His,
1346216,NM_005228.5(EGFR):c.2194A>C (p.Ile732Leu),Ile,732,Leu,
1345466,NM_005228.5(EGFR):c.2212G>T (p.Val738Phe),Val,738,Phe,
1125561,NM_005228.5(EGFR):c.2777T>A (p.Ile926Asn),Ile,926,Asn,
1117548,NM_005228.5(EGFR):c.2709_2710inv (p.Val904Ile),Val,904,Ile,
1063910,NM_005228.5(EGFR):c.2588G>A (p.Gly863Asp),Gly,863,Asp,
1063123,NM_005228.5(EGFR):c.2495G>A (p.Arg832His),Arg,832,His,
1061326,NM_005228.5(EGFR):c.2824G>A (p.Asp942Asn),Asp,942,Asn,
1061306,NM_005228.5(EGFR):c.2353A>G (p.Thr785Ala),Thr,785,Ala,
1060740,NM_005228.5(EGFR):c.2174C>T (p.Thr725Met),Thr,725,Met,
1060680,NM_005228.5(EGFR):c.2814A>G (p.Ile938Met),Ile,938,Met,
1059968,NM_005228.5(EGFR):c.2416A>G (p.Lys806Glu),Lys,806,Glu,
1059494,NM_005228.5(EGFR):c.2868T>G (p.Asp956Glu),Asp,956,Glu,
1059300,NM_005228.5(EGFR):c.2218A>G (p.Ile740Val),Ile,740,Val,
1057685,NM_005228.5(EGFR):c.2386G>A (p.Gly796Ser),Gly,796,Ser,
1057570,NM_005228.5(EGFR):c.2664C>G (p.His888Gln),His,888,Gln,
1056807,NM_005228.5(EGFR):c.2758G>A (p.Ala920Thr),Ala,920,Thr,
1055818,NM_005228.5(EGFR):c.2914G>A (p.Ala972Thr),Ala,972,Thr,
1055293,NM_005228.5(EGFR):c.2278C>T (p.Leu760Phe),Leu,760,Phe,
1053376,NM_005228.5(EGFR):c.2810C>A (p.Pro937His),Pro,937,His,
1052028,NM_005228.5(EGFR):c.2357T>A (p.Val786Glu),Val,786,Glu,
1051369,NM_005228.5(EGFR):c.2755C>A (p.Pro919Thr),Pro,919,Thr,
1051038,NM_005228.5(EGFR):c.2254T>C (p.Ser752Pro),Ser,752,Pro,
1050891,NM_005228.5(EGFR):c.2648T>C (p.Leu883Ser),Leu,883,Ser,
1046086,NM_005228.5(EGFR):c.2542C>T (p.Pro848Ser),Pro,848,Ser,
1045488,NM_005228.5(EGFR):c.2373G>T (p.Gln791His),Gln,791,His,
1045314,NM_005228.5(EGFR):c.2777T>C (p.Ile926Thr),Ile,926,Thr,
1043178,NM_005228.5(EGFR):c.2609A>G (p.His870Arg),His,870,Arg,
1042440,NM_005228.5(EGFR):c.2293G>C (p.Val765Leu),Val,765,Leu,
1040852,NM_005228.5(EGFR):c.2596G>A (p.Glu866Lys),Glu,866,Lys,
1040750,NM_005228.5(EGFR):c.2801C>T (p.Pro934Leu),Pro,934,Leu,
1039737,NM_005228.5(EGFR):c.2423A>G (p.Asn808Ser),Asn,808,Ser,
1039560,NM_005228.5(EGFR):c.2317C>T (p.His773Tyr),His,773,Tyr,
1039068,NM_005228.5(EGFR):c.2915C>A (p.Ala972Asp),Ala,972,Asp,
1036205,NM_005228.5(EGFR):c.2206G>A (p.Glu736Lys),Glu,736,Lys,
1034779,NM_005228.5(EGFR):c.2281G>C (p.Asp761His),Asp,761,His,
1027022,NM_005228.5(EGFR):c.2230A>G (p.Ile744Val),Ile,744,Val,
1026153,NM_005228.5(EGFR):c.2180A>G (p.Tyr727Cys),Tyr,727,Cys,
1025401,NM_005228.5(EGFR):c.2258C>T (p.Pro753Leu),Pro,753,Leu,
1020563,NM_005228.5(EGFR):c.2533G>C (p.Val845Leu),Val,845,Leu,
1019301,NM_005228.5(EGFR):c.2336G>A (p.Gly779Asp),Gly,779,Asp,
1018921,NM_005228.5(EGFR):c.2267A>G (p.Asn756Ser),Asn,756,Ser,
1018590,NM_005228.5(EGFR):c.2836A>G (p.Ile946Val),Ile,946,Val,
1018297,NM_005228.5(EGFR):c.2682G>C (p.Gln894His),Gln,894,His,
1017030,NM_005228.5(EGFR):c.2909A>G (p.Lys970Arg),Lys,970,Arg,
1015382,NM_005228.5(EGFR):c.2303G>A (p.Ser768Asn),Ser,768,Asn,
1014793,NM_005228.5(EGFR):c.2509G>A (p.Asp837Asn),Asp,837,Asn,
1014501,NM_005228.5(EGFR):c.2402A>G (p.Tyr801Cys),Tyr,801,Cys,
1013792,NM_005228.5(EGFR):c.2858T>G (p.Ile953Arg),Ile,953,Arg,
1013771,NM_005228.5(EGFR):c.2918G>A (p.Arg973Gln),Arg,973,Gln,
1012132,NM_005228.5(EGFR):c.2299G>T (p.Ala767Ser),Ala,767,Ser,
1008401,NM_005228.5(EGFR):c.2537A>G (p.Lys846Arg),Lys,846,Arg,
1007797,NM_005228.5(EGFR):c.2150T>C (p.Val717Ala),Val,717,Ala,
1005378,NM_005228.5(EGFR):c.2161G>A (p.Gly721Ser),Gly,721,Ser,
1004032,NM_005228.5(EGFR):c.2833A>G (p.Met945Val),Met,945,Val,
1003262,NM_005228.5(EGFR):c.2917C>G (p.Arg973Gly),Arg,973,Gly,
1002380,NM_005228.5(EGFR):c.2339T>C (p.Ile780Thr),Ile,780,Thr,
1001710,NM_005228.5(EGFR):c.2741C>G (p.Pro914Arg),Pro,914,Arg,
1000960,NM_005228.5(EGFR):c.2653T>G (p.Ser885Ala),Ser,885,Ala,
999885,NM_005228.5(EGFR):c.2480A>T (p.Tyr827Phe),Tyr,827,Phe,
969899,NM_005228.5(EGFR):c.2398G>T (p.Asp800Tyr),Asp,800,Tyr,
966990,NM_005228.5(EGFR):c.2927A>G (p.Gln976Arg),Gln,976,Arg,
965885,NM_005228.5(EGFR):c.2227G>A (p.Ala743Thr),Ala,743,Thr,
965600,NM_005228.5(EGFR):c.2858T>C (p.Ile953Thr),Ile,953,Thr,
963450,NM_005228.5(EGFR):c.2507G>A (p.Arg836His),Arg,836,His,
963104,NM_005228.5(EGFR):c.2867A>G (p.Asp956Gly),Asp,956,Gly,
962310,NM_005228.5(EGFR):c.2189T>G (p.Leu730Arg),Leu,730,Arg,
962169,NM_005228.5(EGFR):c.2842G>A (p.Val948Ile),Val,948,Ile,
959915,NM_005228.5(EGFR):c.2878A>G (p.Lys960Glu),Lys,960,Glu,
958259,NM_005228.5(EGFR):c.2749G>A (p.Gly917Arg),Gly,917,Arg,
956644,NM_005228.5(EGFR):c.2723T>C (p.Met908Thr),Met,908,Thr,
956415,NM_005228.5(EGFR):c.2690T>C (p.Val897Ala),Val,897,Ala,
956413,NM_005228.5(EGFR):c.2884C>G (p.Arg962Gly),Arg,962,Gly,
956085,NM_005228.5(EGFR):c.2320G>A (p.Val774Met),Val,774,Met,
955579,NM_005228.5(EGFR):c.2847G>C (p.Lys949Asn),Lys,949,Asn,
954870,NM_005228.5(EGFR):c.2930G>A (p.Arg977His),Arg,977,His,
953828,NM_005228.5(EGFR):c.2506C>T (p.Arg836Cys),Arg,836,Cys,
953452,NM_005228.5(EGFR):c.2282A>G (p.Asp761Gly),Asp,761,Gly,
952901,NM_005228.5(EGFR):c.2461A>G (p.Ile821Val),Ile,821,Val,
946019,NM_005228.5(EGFR):c.2408G>A (p.Arg803Gln),Arg,803,Gln,
943799,NM_005228.5(EGFR):c.2441T>C (p.Leu814Pro),Leu,814,Pro,
943147,NM_005228.5(EGFR):c.2239T>G (p.Leu747Val),Leu,747,Val,
941634,NM_005228.5(EGFR):c.2293G>A (p.Val765Met),Val,765,Met,
940543,NM_005228.5(EGFR):c.2468A>G (p.Lys823Arg),Lys,823,Arg,
938049,NM_005228.5(EGFR):c.2590G>A (p.Ala864Thr),Ala,864,Thr,
936373,NM_005228.5(EGFR):c.2494C>T (p.Arg832Cys),Arg,832,Cys,
936228,NM_005228.5(EGFR):c.2217A>T (p.Lys739Asn),Lys,739,Asn,
935267,NM_005228.5(EGFR):c.2356G>A (p.Val786Met),Val,786,Met,
933275,NM_005228.5(EGFR):c.2218A>C (p.Ile740Leu),Ile,740,Leu,
856961,NM_005228.5(EGFR):c.2863G>A (p.Ala955Thr),Ala,955,Thr,
856739,NM_005228.5(EGFR):c.2293G>T (p.Val765Leu),Val,765,Leu,
855873,NM_005228.5(EGFR):c.2884C>T (p.Arg962Cys),Arg,962,Cys,
850694,NM_005228.5(EGFR):c.2518G>A (p.Ala840Thr),Ala,840,Thr,
850567,NM_005228.5(EGFR):c.2764G>A (p.Glu922Lys),Glu,922,Lys,
847949,NM_005228.5(EGFR):c.2543C>A (p.Pro848Gln),Pro,848,Gln,
845889,NM_005228.5(EGFR):c.2276T>A (p.Ile759Asn),Ile,759,Asn,
836818,NM_005228.5(EGFR):c.2746G>A (p.Asp916Asn),Asp,916,Asn,
802320,NM_005228.5(EGFR):c.2896A>G (p.Ile966Val),Ile,966,Val,
760724,NM_005228.5(EGFR):c.2710G>A (p.Val904Ile),Val,904,Ile,
584698,NM_005228.5(EGFR):c.2800C>T (p.Pro934Ser),Pro,934,Ser,
584697,NM_005228.5(EGFR):c.2555A>G (p.Lys852Arg),Lys,852,Arg,
584696,NM_005228.5(EGFR):c.2485G>C (p.Glu829Gln),Glu,829,Gln,
584695,NM_005228.5(EGFR):c.2407C>T (p.Arg803Trp),Arg,803,Trp,
560009,NM_005228.5(EGFR):c.2270A>G (p.Lys757Arg),Lys,757,Arg,
560007,NM_005228.5(EGFR):c.2492G>A (p.Arg831His),Arg,831,His,
376360,NM_005228.5(EGFR):c.2170G>A (p.Gly724Ser),Gly,724,Ser,
376342,NM_005228.5(EGFR):c.2389T>A (p.Cys797Ser),Cys,797,Ser,
376212,NM_005228.5(EGFR):c.2527G>A (p.Val843Ile),Val,843,Ile,
376082,NM_005228.5(EGFR):c.2281G>A (p.Asp761Asn),Asp,761,Asn,
360466,NM_005228.5(EGFR):c.2138A>C (p.Lys713Thr),Lys,713,Thr,
208822,NM_005228.5(EGFR):c.2512C>G (p.Leu838Val),Leu,838,Val,
208821,NM_005228.5(EGFR):c.2305G>A (p.Val769Met),Val,769,Met,
177773,NM_005228.5(EGFR):c.2252C>T (p.Thr751Ile),Thr,751,Ile,
177764,NM_005228.5(EGFR):c.2236G>C (p.Glu746Gln),Glu,746,Gln,
163380,NM_005228.5(EGFR):c.2582T>A (p.Leu861Gln),Leu,861,Gln,
163376,NM_005228.5(EGFR):c.2311A>G (p.Asn771Asp),Asn,771,Asp,
134027,NM_005228.5(EGFR):c.2885G>A (p.Arg962His),Arg,962,His,
134026,NM_005228.5(EGFR):c.2224G>A (p.Val742Ile),Val,742,Ile,
132964,NM_005228.5(EGFR):c.2866G>A (p.Asp956Asn),Asp,956,Asn,
132950,NM_005228.5(EGFR):c.2602G>A (p.Glu868Lys),Glu,868,Lys,
126520,NM_005228.5(EGFR):c.2176G>A (p.Val726Met),Val,726,Met,
126519,NM_005228.5(EGFR):c.2393T>A (p.Leu798His),Leu,798,His,
126518,NM_005228.5(EGFR):c.2188C>G (p.Leu730Val),Leu,730,Val,
126517,NM_005228.5(EGFR):c.2471G>A (p.Gly824Asp),Gly,824,Asp,
126515,NM_005228.5(EGFR):c.2327G>A (p.Arg776His),Arg,776,His,
45294,NM_005228.5(EGFR):c.2654C>T (p.Ser885Leu),Ser,885,Leu,
45293,NM_005228.5(EGFR):c.2642T>C (p.Met881Thr),Met,881,Thr,
45291,NM_005228.5(EGFR):c.2612C>G (p.Ala871Gly),Ala,871,Gly,
45289,NM_005228.5(EGFR):c.2597A>T (p.Glu866Val),Glu,866,Val,
45287,NM_005228.5(EGFR):c.2582T>G (p.Leu861Arg),Leu,861,Arg,
45286,NM_005228.5(EGFR):c.2580A>T (p.Lys860Asn),Lys,860,Asn,
45283,NM_005228.5(EGFR):c.2572C>A (p.Leu858Met),Leu,858,Met,
45282,NM_005228.5(EGFR):c.2543C>T (p.Pro848Leu),Pro,848,Leu,
45280,NM_005228.5(EGFR):c.2504A>T (p.His835Leu),His,835,Leu,
45279,NM_005228.5(EGFR):c.2500G>T (p.Val834Leu),Val,834,Leu,
45278,NM_005228.5(EGFR):c.2500G>C (p.Val834Leu),Val,834,Leu,
45277,NM_005228.5(EGFR):c.2497T>G (p.Leu833Val),Leu,833,Val,
45276,NM_005228.5(EGFR):c.2491C>T (p.Arg831Cys),Arg,831,Cys,
45275,NM_005228.5(EGFR):c.2464G>A (p.Ala822Thr),Ala,822,Thr,
45267,NM_005228.5(EGFR):c.2336G>T (p.Gly779Val),Gly,779,Val,
45266,NM_005228.5(EGFR):c.2335G>T (p.Gly779Cys),Gly,779,Cys,
45255,NM_005228.5(EGFR):c.2305G>T (p.Val769Leu),Val,769,Leu,
45254,NM_005228.5(EGFR):c.2305G>C (p.Val769Leu),Val,769,Leu,
45252,NM_005228.5(EGFR):c.2303_2304delinsTT (p.Ser768Ile),Ser,768,Ile,
45251,NM_005228.5(EGFR):c.2303G>T (p.Ser768Ile),Ser,768,Ile,
45250,NM_005228.5(EGFR):c.2300C>T (p.Ala767Val),Ala,767,Val,
45244,NM_005228.5(EGFR):c.2281G>T (p.Asp761Tyr),Asp,761,Tyr,
45242,NM_005228.5(EGFR):c.2270A>T (p.Lys757Met),Lys,757,Met,
45241,NM_005228.5(EGFR):c.2260A>G (p.Lys754Glu),Lys,754,Glu,
45239,NM_005228.5(EGFR):c.2248G>C (p.Ala750Pro),Ala,750,Pro,
45236,NM_005228.5(EGFR):c.2240T>C (p.Leu747Ser),Leu,747,Ser,
45235,NM_005228.5(EGFR):c.2239_2240delinsCC (p.Leu747Pro),Leu,747,Pro,
45231,NM_005228.5(EGFR):c.2219T>C (p.Ile740Thr),Ile,740,Thr,
45225,NM_005228.5(EGFR):c.2156G>C (p.Gly719Ala),Gly,719,Ala,
45224,NM_005228.5(EGFR):c.2155G>C (p.Gly719Arg),Gly,719,Arg,
16613,NM_005228.5(EGFR):c.2369C>T (p.Thr790Met),Thr,790,Met,
16612,NM_005228.5(EGFR):c.2155G>A (p.Gly719Ser),Gly,719,Ser,
16611,NM_005228.5(EGFR):c.2155G>T (p.Gly719Cys),Gly,719,Cys,
16609,NM_005228.5(EGFR):c.2573T>G (p.Leu858Arg),Leu,858,Arg,
